<PAMDataset>
  <PAMRasterBand band="1">
    <Histograms>
      <HistItem>
        <HistMin>0.5121951219512195</HistMin>
        <HistMax>41.48780487804878</HistMax>
        <BucketCount>41</BucketCount>
        <IncludeOutOfRange>0</IncludeOutOfRange>
        <Approximate>1</Approximate>
        <HistCounts>332|7738|521|215|0|85|85|0|0|168|133|49698|0|0|2542|398|0|1398|0|3031|3060|0|14066|1104|3166|92|0|0|565|0|0|0|0|0|33|0|0|0|0|1050|484</HistCounts>
      </HistItem>
    </Histograms>
    <Metadata>
      <MDI key="COLOR_TABLE_RULE_RGB_0">0.000000e+00 0.000000e+00 255 255 255 255 255 255</MDI>
      <MDI key="COLOR_TABLE_RULE_RGB_100">1.000000e+02 1.000000e+02 0 0 0 0 0 0</MDI>
      <MDI key="COLOR_TABLE_RULE_RGB_101">1.010000e+02 1.010000e+02 0 0 0 0 0 0</MDI>
      <MDI key="COLOR_TABLE_RULE_RGB_102">1.020000e+02 1.020000e+02 0 0 0 0 0 0</MDI>
      <MDI key="COLOR_TABLE_RULE_RGB_103">1.030000e+02 1.030000e+02 0 0 0 0 0 0</MDI>
      <MDI key="COLOR_TABLE_RULE_RGB_104">1.040000e+02 1.040000e+02 0 0 0 0 0 0</MDI>
      <MDI key="COLOR_TABLE_RULE_RGB_105">1.050000e+02 1.050000e+02 0 0 0 0 0 0</MDI>
      <MDI key="COLOR_TABLE_RULE_RGB_106">1.060000e+02 1.060000e+02 0 0 0 0 0 0</MDI>
      <MDI key="COLOR_TABLE_RULE_RGB_107">1.070000e+02 1.070000e+02 0 0 0 0 0 0</MDI>
      <MDI key="COLOR_TABLE_RULE_RGB_108">1.080000e+02 1.080000e+02 0 0 0 0 0 0</MDI>
      <MDI key="COLOR_TABLE_RULE_RGB_109">1.090000e+02 1.090000e+02 0 0 0 0 0 0</MDI>
      <MDI key="COLOR_TABLE_RULE_RGB_10">1.000000e+01 1.000000e+01 255 166 255 255 166 255</MDI>
      <MDI key="COLOR_TABLE_RULE_RGB_110">1.100000e+02 1.100000e+02 0 0 0 0 0 0</MDI>
      <MDI key="COLOR_TABLE_RULE_RGB_111">1.110000e+02 1.110000e+02 0 0 0 0 0 0</MDI>
      <MDI key="COLOR_TABLE_RULE_RGB_112">1.120000e+02 1.120000e+02 0 0 0 0 0 0</MDI>
      <MDI key="COLOR_TABLE_RULE_RGB_113">1.130000e+02 1.130000e+02 0 0 0 0 0 0</MDI>
      <MDI key="COLOR_TABLE_RULE_RGB_114">1.140000e+02 1.140000e+02 0 0 0 0 0 0</MDI>
      <MDI key="COLOR_TABLE_RULE_RGB_115">1.150000e+02 1.150000e+02 0 0 0 0 0 0</MDI>
      <MDI key="COLOR_TABLE_RULE_RGB_116">1.160000e+02 1.160000e+02 0 0 0 0 0 0</MDI>
      <MDI key="COLOR_TABLE_RULE_RGB_117">1.170000e+02 1.170000e+02 0 0 0 0 0 0</MDI>
      <MDI key="COLOR_TABLE_RULE_RGB_118">1.180000e+02 1.180000e+02 0 0 0 0 0 0</MDI>
      <MDI key="COLOR_TABLE_RULE_RGB_119">1.190000e+02 1.190000e+02 0 0 0 0 0 0</MDI>
      <MDI key="COLOR_TABLE_RULE_RGB_11">1.100000e+01 1.100000e+01 255 230 255 255 230 255</MDI>
      <MDI key="COLOR_TABLE_RULE_RGB_120">1.200000e+02 1.200000e+02 0 0 0 0 0 0</MDI>
      <MDI key="COLOR_TABLE_RULE_RGB_121">1.210000e+02 1.210000e+02 0 0 0 0 0 0</MDI>
      <MDI key="COLOR_TABLE_RULE_RGB_122">1.220000e+02 1.220000e+02 0 0 0 0 0 0</MDI>
      <MDI key="COLOR_TABLE_RULE_RGB_123">1.230000e+02 1.230000e+02 0 0 0 0 0 0</MDI>
      <MDI key="COLOR_TABLE_RULE_RGB_124">1.240000e+02 1.240000e+02 0 0 0 0 0 0</MDI>
      <MDI key="COLOR_TABLE_RULE_RGB_125">1.250000e+02 1.250000e+02 0 0 0 0 0 0</MDI>
      <MDI key="COLOR_TABLE_RULE_RGB_126">1.260000e+02 1.260000e+02 0 0 0 0 0 0</MDI>
      <MDI key="COLOR_TABLE_RULE_RGB_127">1.270000e+02 1.270000e+02 0 0 0 0 0 0</MDI>
      <MDI key="COLOR_TABLE_RULE_RGB_128">1.280000e+02 1.280000e+02 0 0 0 0 0 0</MDI>
      <MDI key="COLOR_TABLE_RULE_RGB_129">1.290000e+02 1.290000e+02 0 0 0 0 0 0</MDI>
      <MDI key="COLOR_TABLE_RULE_RGB_12">1.200000e+01 1.200000e+01 255 255 168 255 255 168</MDI>
      <MDI key="COLOR_TABLE_RULE_RGB_130">1.300000e+02 1.300000e+02 0 0 0 0 0 0</MDI>
      <MDI key="COLOR_TABLE_RULE_RGB_131">1.310000e+02 1.310000e+02 0 0 0 0 0 0</MDI>
      <MDI key="COLOR_TABLE_RULE_RGB_132">1.320000e+02 1.320000e+02 0 0 0 0 0 0</MDI>
      <MDI key="COLOR_TABLE_RULE_RGB_133">1.330000e+02 1.330000e+02 0 0 0 0 0 0</MDI>
      <MDI key="COLOR_TABLE_RULE_RGB_134">1.340000e+02 1.340000e+02 0 0 0 0 0 0</MDI>
      <MDI key="COLOR_TABLE_RULE_RGB_135">1.350000e+02 1.350000e+02 0 0 0 0 0 0</MDI>
      <MDI key="COLOR_TABLE_RULE_RGB_136">1.360000e+02 1.360000e+02 0 0 0 0 0 0</MDI>
      <MDI key="COLOR_TABLE_RULE_RGB_137">1.370000e+02 1.370000e+02 0 0 0 0 0 0</MDI>
      <MDI key="COLOR_TABLE_RULE_RGB_138">1.380000e+02 1.380000e+02 0 0 0 0 0 0</MDI>
      <MDI key="COLOR_TABLE_RULE_RGB_139">1.390000e+02 1.390000e+02 0 0 0 0 0 0</MDI>
      <MDI key="COLOR_TABLE_RULE_RGB_13">1.300000e+01 1.300000e+01 255 255 0 255 255 0</MDI>
      <MDI key="COLOR_TABLE_RULE_RGB_140">1.400000e+02 1.400000e+02 0 0 0 0 0 0</MDI>
      <MDI key="COLOR_TABLE_RULE_RGB_141">1.410000e+02 1.410000e+02 0 0 0 0 0 0</MDI>
      <MDI key="COLOR_TABLE_RULE_RGB_142">1.420000e+02 1.420000e+02 0 0 0 0 0 0</MDI>
      <MDI key="COLOR_TABLE_RULE_RGB_143">1.430000e+02 1.430000e+02 0 0 0 0 0 0</MDI>
      <MDI key="COLOR_TABLE_RULE_RGB_144">1.440000e+02 1.440000e+02 0 0 0 0 0 0</MDI>
      <MDI key="COLOR_TABLE_RULE_RGB_145">1.450000e+02 1.450000e+02 0 0 0 0 0 0</MDI>
      <MDI key="COLOR_TABLE_RULE_RGB_146">1.460000e+02 1.460000e+02 0 0 0 0 0 0</MDI>
      <MDI key="COLOR_TABLE_RULE_RGB_147">1.470000e+02 1.470000e+02 0 0 0 0 0 0</MDI>
      <MDI key="COLOR_TABLE_RULE_RGB_148">1.480000e+02 1.480000e+02 0 0 0 0 0 0</MDI>
      <MDI key="COLOR_TABLE_RULE_RGB_149">1.490000e+02 1.490000e+02 0 0 0 0 0 0</MDI>
      <MDI key="COLOR_TABLE_RULE_RGB_14">1.400000e+01 1.400000e+01 230 230 0 230 230 0</MDI>
      <MDI key="COLOR_TABLE_RULE_RGB_150">1.500000e+02 1.500000e+02 0 0 0 0 0 0</MDI>
      <MDI key="COLOR_TABLE_RULE_RGB_151">1.510000e+02 1.510000e+02 0 0 0 0 0 0</MDI>
      <MDI key="COLOR_TABLE_RULE_RGB_152">1.520000e+02 1.520000e+02 0 0 0 0 0 0</MDI>
      <MDI key="COLOR_TABLE_RULE_RGB_153">1.530000e+02 1.530000e+02 0 0 0 0 0 0</MDI>
      <MDI key="COLOR_TABLE_RULE_RGB_154">1.540000e+02 1.540000e+02 0 0 0 0 0 0</MDI>
      <MDI key="COLOR_TABLE_RULE_RGB_155">1.550000e+02 1.550000e+02 0 0 0 0 0 0</MDI>
      <MDI key="COLOR_TABLE_RULE_RGB_156">1.560000e+02 1.560000e+02 0 0 0 0 0 0</MDI>
      <MDI key="COLOR_TABLE_RULE_RGB_157">1.570000e+02 1.570000e+02 0 0 0 0 0 0</MDI>
      <MDI key="COLOR_TABLE_RULE_RGB_158">1.580000e+02 1.580000e+02 0 0 0 0 0 0</MDI>
      <MDI key="COLOR_TABLE_RULE_RGB_159">1.590000e+02 1.590000e+02 0 0 0 0 0 0</MDI>
      <MDI key="COLOR_TABLE_RULE_RGB_15">1.500000e+01 1.500000e+01 230 128 0 230 128 0</MDI>
      <MDI key="COLOR_TABLE_RULE_RGB_160">1.600000e+02 1.600000e+02 0 0 0 0 0 0</MDI>
      <MDI key="COLOR_TABLE_RULE_RGB_161">1.610000e+02 1.610000e+02 0 0 0 0 0 0</MDI>
      <MDI key="COLOR_TABLE_RULE_RGB_162">1.620000e+02 1.620000e+02 0 0 0 0 0 0</MDI>
      <MDI key="COLOR_TABLE_RULE_RGB_163">1.630000e+02 1.630000e+02 0 0 0 0 0 0</MDI>
      <MDI key="COLOR_TABLE_RULE_RGB_164">1.640000e+02 1.640000e+02 0 0 0 0 0 0</MDI>
      <MDI key="COLOR_TABLE_RULE_RGB_165">1.650000e+02 1.650000e+02 0 0 0 0 0 0</MDI>
      <MDI key="COLOR_TABLE_RULE_RGB_166">1.660000e+02 1.660000e+02 0 0 0 0 0 0</MDI>
      <MDI key="COLOR_TABLE_RULE_RGB_167">1.670000e+02 1.670000e+02 0 0 0 0 0 0</MDI>
      <MDI key="COLOR_TABLE_RULE_RGB_168">1.680000e+02 1.680000e+02 0 0 0 0 0 0</MDI>
      <MDI key="COLOR_TABLE_RULE_RGB_169">1.690000e+02 1.690000e+02 0 0 0 0 0 0</MDI>
      <MDI key="COLOR_TABLE_RULE_RGB_16">1.600000e+01 1.600000e+01 242 166 77 242 166 77</MDI>
      <MDI key="COLOR_TABLE_RULE_RGB_170">1.700000e+02 1.700000e+02 0 0 0 0 0 0</MDI>
      <MDI key="COLOR_TABLE_RULE_RGB_171">1.710000e+02 1.710000e+02 0 0 0 0 0 0</MDI>
      <MDI key="COLOR_TABLE_RULE_RGB_172">1.720000e+02 1.720000e+02 0 0 0 0 0 0</MDI>
      <MDI key="COLOR_TABLE_RULE_RGB_173">1.730000e+02 1.730000e+02 0 0 0 0 0 0</MDI>
      <MDI key="COLOR_TABLE_RULE_RGB_174">1.740000e+02 1.740000e+02 0 0 0 0 0 0</MDI>
      <MDI key="COLOR_TABLE_RULE_RGB_175">1.750000e+02 1.750000e+02 0 0 0 0 0 0</MDI>
      <MDI key="COLOR_TABLE_RULE_RGB_176">1.760000e+02 1.760000e+02 0 0 0 0 0 0</MDI>
      <MDI key="COLOR_TABLE_RULE_RGB_177">1.770000e+02 1.770000e+02 0 0 0 0 0 0</MDI>
      <MDI key="COLOR_TABLE_RULE_RGB_178">1.780000e+02 1.780000e+02 0 0 0 0 0 0</MDI>
      <MDI key="COLOR_TABLE_RULE_RGB_179">1.790000e+02 1.790000e+02 0 0 0 0 0 0</MDI>
      <MDI key="COLOR_TABLE_RULE_RGB_17">1.700000e+01 1.700000e+01 230 166 0 230 166 0</MDI>
      <MDI key="COLOR_TABLE_RULE_RGB_180">1.800000e+02 1.800000e+02 0 0 0 0 0 0</MDI>
      <MDI key="COLOR_TABLE_RULE_RGB_181">1.810000e+02 1.810000e+02 0 0 0 0 0 0</MDI>
      <MDI key="COLOR_TABLE_RULE_RGB_182">1.820000e+02 1.820000e+02 0 0 0 0 0 0</MDI>
      <MDI key="COLOR_TABLE_RULE_RGB_183">1.830000e+02 1.830000e+02 0 0 0 0 0 0</MDI>
      <MDI key="COLOR_TABLE_RULE_RGB_184">1.840000e+02 1.840000e+02 0 0 0 0 0 0</MDI>
      <MDI key="COLOR_TABLE_RULE_RGB_185">1.850000e+02 1.850000e+02 0 0 0 0 0 0</MDI>
      <MDI key="COLOR_TABLE_RULE_RGB_186">1.860000e+02 1.860000e+02 0 0 0 0 0 0</MDI>
      <MDI key="COLOR_TABLE_RULE_RGB_187">1.870000e+02 1.870000e+02 0 0 0 0 0 0</MDI>
      <MDI key="COLOR_TABLE_RULE_RGB_188">1.880000e+02 1.880000e+02 0 0 0 0 0 0</MDI>
      <MDI key="COLOR_TABLE_RULE_RGB_189">1.890000e+02 1.890000e+02 0 0 0 0 0 0</MDI>
      <MDI key="COLOR_TABLE_RULE_RGB_18">1.800000e+01 1.800000e+01 230 230 77 230 230 77</MDI>
      <MDI key="COLOR_TABLE_RULE_RGB_190">1.900000e+02 1.900000e+02 0 0 0 0 0 0</MDI>
      <MDI key="COLOR_TABLE_RULE_RGB_191">1.910000e+02 1.910000e+02 0 0 0 0 0 0</MDI>
      <MDI key="COLOR_TABLE_RULE_RGB_192">1.920000e+02 1.920000e+02 0 0 0 0 0 0</MDI>
      <MDI key="COLOR_TABLE_RULE_RGB_193">1.930000e+02 1.930000e+02 0 0 0 0 0 0</MDI>
      <MDI key="COLOR_TABLE_RULE_RGB_194">1.940000e+02 1.940000e+02 0 0 0 0 0 0</MDI>
      <MDI key="COLOR_TABLE_RULE_RGB_195">1.950000e+02 1.950000e+02 0 0 0 0 0 0</MDI>
      <MDI key="COLOR_TABLE_RULE_RGB_196">1.960000e+02 1.960000e+02 0 0 0 0 0 0</MDI>
      <MDI key="COLOR_TABLE_RULE_RGB_197">1.970000e+02 1.970000e+02 0 0 0 0 0 0</MDI>
      <MDI key="COLOR_TABLE_RULE_RGB_198">1.980000e+02 1.980000e+02 0 0 0 0 0 0</MDI>
      <MDI key="COLOR_TABLE_RULE_RGB_199">1.990000e+02 1.990000e+02 0 0 0 0 0 0</MDI>
      <MDI key="COLOR_TABLE_RULE_RGB_19">1.900000e+01 1.900000e+01 255 230 166 255 230 166</MDI>
      <MDI key="COLOR_TABLE_RULE_RGB_1">1.000000e+00 1.000000e+00 230 0 77 230 0 77</MDI>
      <MDI key="COLOR_TABLE_RULE_RGB_200">2.000000e+02 2.000000e+02 0 0 0 0 0 0</MDI>
      <MDI key="COLOR_TABLE_RULE_RGB_201">2.010000e+02 2.010000e+02 0 0 0 0 0 0</MDI>
      <MDI key="COLOR_TABLE_RULE_RGB_202">2.020000e+02 2.020000e+02 0 0 0 0 0 0</MDI>
      <MDI key="COLOR_TABLE_RULE_RGB_203">2.030000e+02 2.030000e+02 0 0 0 0 0 0</MDI>
      <MDI key="COLOR_TABLE_RULE_RGB_204">2.040000e+02 2.040000e+02 0 0 0 0 0 0</MDI>
      <MDI key="COLOR_TABLE_RULE_RGB_205">2.050000e+02 2.050000e+02 0 0 0 0 0 0</MDI>
      <MDI key="COLOR_TABLE_RULE_RGB_206">2.060000e+02 2.060000e+02 0 0 0 0 0 0</MDI>
      <MDI key="COLOR_TABLE_RULE_RGB_207">2.070000e+02 2.070000e+02 0 0 0 0 0 0</MDI>
      <MDI key="COLOR_TABLE_RULE_RGB_208">2.080000e+02 2.080000e+02 0 0 0 0 0 0</MDI>
      <MDI key="COLOR_TABLE_RULE_RGB_209">2.090000e+02 2.090000e+02 0 0 0 0 0 0</MDI>
      <MDI key="COLOR_TABLE_RULE_RGB_20">2.000000e+01 2.000000e+01 255 230 77 255 230 77</MDI>
      <MDI key="COLOR_TABLE_RULE_RGB_210">2.100000e+02 2.100000e+02 0 0 0 0 0 0</MDI>
      <MDI key="COLOR_TABLE_RULE_RGB_211">2.110000e+02 2.110000e+02 0 0 0 0 0 0</MDI>
      <MDI key="COLOR_TABLE_RULE_RGB_212">2.120000e+02 2.120000e+02 0 0 0 0 0 0</MDI>
      <MDI key="COLOR_TABLE_RULE_RGB_213">2.130000e+02 2.130000e+02 0 0 0 0 0 0</MDI>
      <MDI key="COLOR_TABLE_RULE_RGB_214">2.140000e+02 2.140000e+02 0 0 0 0 0 0</MDI>
      <MDI key="COLOR_TABLE_RULE_RGB_215">2.150000e+02 2.150000e+02 0 0 0 0 0 0</MDI>
      <MDI key="COLOR_TABLE_RULE_RGB_216">2.160000e+02 2.160000e+02 0 0 0 0 0 0</MDI>
      <MDI key="COLOR_TABLE_RULE_RGB_217">2.170000e+02 2.170000e+02 0 0 0 0 0 0</MDI>
      <MDI key="COLOR_TABLE_RULE_RGB_218">2.180000e+02 2.180000e+02 0 0 0 0 0 0</MDI>
      <MDI key="COLOR_TABLE_RULE_RGB_219">2.190000e+02 2.190000e+02 0 0 0 0 0 0</MDI>
      <MDI key="COLOR_TABLE_RULE_RGB_21">2.100000e+01 2.100000e+01 230 204 77 230 204 77</MDI>
      <MDI key="COLOR_TABLE_RULE_RGB_220">2.200000e+02 2.200000e+02 0 0 0 0 0 0</MDI>
      <MDI key="COLOR_TABLE_RULE_RGB_221">2.210000e+02 2.210000e+02 0 0 0 0 0 0</MDI>
      <MDI key="COLOR_TABLE_RULE_RGB_222">2.220000e+02 2.220000e+02 0 0 0 0 0 0</MDI>
      <MDI key="COLOR_TABLE_RULE_RGB_223">2.230000e+02 2.230000e+02 0 0 0 0 0 0</MDI>
      <MDI key="COLOR_TABLE_RULE_RGB_224">2.240000e+02 2.240000e+02 0 0 0 0 0 0</MDI>
      <MDI key="COLOR_TABLE_RULE_RGB_225">2.250000e+02 2.250000e+02 0 0 0 0 0 0</MDI>
      <MDI key="COLOR_TABLE_RULE_RGB_226">2.260000e+02 2.260000e+02 0 0 0 0 0 0</MDI>
      <MDI key="COLOR_TABLE_RULE_RGB_227">2.270000e+02 2.270000e+02 0 0 0 0 0 0</MDI>
      <MDI key="COLOR_TABLE_RULE_RGB_228">2.280000e+02 2.280000e+02 0 0 0 0 0 0</MDI>
      <MDI key="COLOR_TABLE_RULE_RGB_229">2.290000e+02 2.290000e+02 0 0 0 0 0 0</MDI>
      <MDI key="COLOR_TABLE_RULE_RGB_22">2.200000e+01 2.200000e+01 242 204 166 242 204 166</MDI>
      <MDI key="COLOR_TABLE_RULE_RGB_230">2.300000e+02 2.300000e+02 0 0 0 0 0 0</MDI>
      <MDI key="COLOR_TABLE_RULE_RGB_231">2.310000e+02 2.310000e+02 0 0 0 0 0 0</MDI>
      <MDI key="COLOR_TABLE_RULE_RGB_232">2.320000e+02 2.320000e+02 0 0 0 0 0 0</MDI>
      <MDI key="COLOR_TABLE_RULE_RGB_233">2.330000e+02 2.330000e+02 0 0 0 0 0 0</MDI>
      <MDI key="COLOR_TABLE_RULE_RGB_234">2.340000e+02 2.340000e+02 0 0 0 0 0 0</MDI>
      <MDI key="COLOR_TABLE_RULE_RGB_235">2.350000e+02 2.350000e+02 0 0 0 0 0 0</MDI>
      <MDI key="COLOR_TABLE_RULE_RGB_236">2.360000e+02 2.360000e+02 0 0 0 0 0 0</MDI>
      <MDI key="COLOR_TABLE_RULE_RGB_237">2.370000e+02 2.370000e+02 0 0 0 0 0 0</MDI>
      <MDI key="COLOR_TABLE_RULE_RGB_238">2.380000e+02 2.380000e+02 0 0 0 0 0 0</MDI>
      <MDI key="COLOR_TABLE_RULE_RGB_239">2.390000e+02 2.390000e+02 0 0 0 0 0 0</MDI>
      <MDI key="COLOR_TABLE_RULE_RGB_23">2.300000e+01 2.300000e+01 128 255 0 128 255 0</MDI>
      <MDI key="COLOR_TABLE_RULE_RGB_240">2.400000e+02 2.400000e+02 0 0 0 0 0 0</MDI>
      <MDI key="COLOR_TABLE_RULE_RGB_241">2.410000e+02 2.410000e+02 0 0 0 0 0 0</MDI>
      <MDI key="COLOR_TABLE_RULE_RGB_242">2.420000e+02 2.420000e+02 0 0 0 0 0 0</MDI>
      <MDI key="COLOR_TABLE_RULE_RGB_243">2.430000e+02 2.430000e+02 0 0 0 0 0 0</MDI>
      <MDI key="COLOR_TABLE_RULE_RGB_244">2.440000e+02 2.440000e+02 0 0 0 0 0 0</MDI>
      <MDI key="COLOR_TABLE_RULE_RGB_245">2.450000e+02 2.450000e+02 0 0 0 0 0 0</MDI>
      <MDI key="COLOR_TABLE_RULE_RGB_246">2.460000e+02 2.460000e+02 0 0 0 0 0 0</MDI>
      <MDI key="COLOR_TABLE_RULE_RGB_247">2.470000e+02 2.470000e+02 0 0 0 0 0 0</MDI>
      <MDI key="COLOR_TABLE_RULE_RGB_248">2.480000e+02 2.480000e+02 0 0 0 0 0 0</MDI>
      <MDI key="COLOR_TABLE_RULE_RGB_249">2.490000e+02 2.490000e+02 0 0 0 0 0 0</MDI>
      <MDI key="COLOR_TABLE_RULE_RGB_24">2.400000e+01 2.400000e+01 0 166 0 0 166 0</MDI>
      <MDI key="COLOR_TABLE_RULE_RGB_250">2.500000e+02 2.500000e+02 0 0 0 0 0 0</MDI>
      <MDI key="COLOR_TABLE_RULE_RGB_251">2.510000e+02 2.510000e+02 0 0 0 0 0 0</MDI>
      <MDI key="COLOR_TABLE_RULE_RGB_252">2.520000e+02 2.520000e+02 0 0 0 0 0 0</MDI>
      <MDI key="COLOR_TABLE_RULE_RGB_253">2.530000e+02 2.530000e+02 0 0 0 0 0 0</MDI>
      <MDI key="COLOR_TABLE_RULE_RGB_254">2.540000e+02 2.540000e+02 0 0 0 0 0 0</MDI>
      <MDI key="COLOR_TABLE_RULE_RGB_255">2.550000e+02 2.550000e+02 0 0 0 0 0 0</MDI>
      <MDI key="COLOR_TABLE_RULE_RGB_25">2.500000e+01 2.500000e+01 77 255 0 77 255 0</MDI>
      <MDI key="COLOR_TABLE_RULE_RGB_26">2.600000e+01 2.600000e+01 204 242 77 204 242 77</MDI>
      <MDI key="COLOR_TABLE_RULE_RGB_27">2.700000e+01 2.700000e+01 166 255 128 166 255 128</MDI>
      <MDI key="COLOR_TABLE_RULE_RGB_28">2.800000e+01 2.800000e+01 166 230 77 166 230 77</MDI>
      <MDI key="COLOR_TABLE_RULE_RGB_29">2.900000e+01 2.900000e+01 166 242 0 166 242 0</MDI>
      <MDI key="COLOR_TABLE_RULE_RGB_2">2.000000e+00 2.000000e+00 255 0 0 255 0 0</MDI>
      <MDI key="COLOR_TABLE_RULE_RGB_30">3.000000e+01 3.000000e+01 230 230 230 230 230 230</MDI>
      <MDI key="COLOR_TABLE_RULE_RGB_31">3.100000e+01 3.100000e+01 204 204 204 204 204 204</MDI>
      <MDI key="COLOR_TABLE_RULE_RGB_32">3.200000e+01 3.200000e+01 204 255 204 204 255 204</MDI>
      <MDI key="COLOR_TABLE_RULE_RGB_33">3.300000e+01 3.300000e+01 0 0 0 0 0 0</MDI>
      <MDI key="COLOR_TABLE_RULE_RGB_34">3.400000e+01 3.400000e+01 166 230 204 166 230 204</MDI>
      <MDI key="COLOR_TABLE_RULE_RGB_35">3.500000e+01 3.500000e+01 166 166 255 166 166 255</MDI>
      <MDI key="COLOR_TABLE_RULE_RGB_36">3.600000e+01 3.600000e+01 77 77 255 77 77 255</MDI>
      <MDI key="COLOR_TABLE_RULE_RGB_37">3.700000e+01 3.700000e+01 204 204 255 204 204 255</MDI>
      <MDI key="COLOR_TABLE_RULE_RGB_38">3.800000e+01 3.800000e+01 230 230 255 230 230 255</MDI>
      <MDI key="COLOR_TABLE_RULE_RGB_39">3.900000e+01 3.900000e+01 166 166 230 166 166 230</MDI>
      <MDI key="COLOR_TABLE_RULE_RGB_3">3.000000e+00 3.000000e+00 204 77 242 204 77 242</MDI>
      <MDI key="COLOR_TABLE_RULE_RGB_40">4.000000e+01 4.000000e+01 0 204 242 0 204 242</MDI>
      <MDI key="COLOR_TABLE_RULE_RGB_41">4.100000e+01 4.100000e+01 128 242 230 128 242 230</MDI>
      <MDI key="COLOR_TABLE_RULE_RGB_42">4.200000e+01 4.200000e+01 0 255 166 0 255 166</MDI>
      <MDI key="COLOR_TABLE_RULE_RGB_43">4.300000e+01 4.300000e+01 166 255 230 166 255 230</MDI>
      <MDI key="COLOR_TABLE_RULE_RGB_44">4.400000e+01 4.400000e+01 230 242 255 230 242 255</MDI>
      <MDI key="COLOR_TABLE_RULE_RGB_45">4.500000e+01 4.500000e+01 0 0 0 0 0 0</MDI>
      <MDI key="COLOR_TABLE_RULE_RGB_46">4.600000e+01 4.600000e+01 0 0 0 0 0 0</MDI>
      <MDI key="COLOR_TABLE_RULE_RGB_47">4.700000e+01 4.700000e+01 0 0 0 0 0 0</MDI>
      <MDI key="COLOR_TABLE_RULE_RGB_48">4.800000e+01 4.800000e+01 0 0 0 0 0 0</MDI>
      <MDI key="COLOR_TABLE_RULE_RGB_49">4.900000e+01 4.900000e+01 0 0 0 0 0 0</MDI>
      <MDI key="COLOR_TABLE_RULE_RGB_4">4.000000e+00 4.000000e+00 204 0 0 204 0 0</MDI>
      <MDI key="COLOR_TABLE_RULE_RGB_50">5.000000e+01 5.000000e+01 0 0 0 0 0 0</MDI>
      <MDI key="COLOR_TABLE_RULE_RGB_51">5.100000e+01 5.100000e+01 0 0 0 0 0 0</MDI>
      <MDI key="COLOR_TABLE_RULE_RGB_52">5.200000e+01 5.200000e+01 0 0 0 0 0 0</MDI>
      <MDI key="COLOR_TABLE_RULE_RGB_53">5.300000e+01 5.300000e+01 0 0 0 0 0 0</MDI>
      <MDI key="COLOR_TABLE_RULE_RGB_54">5.400000e+01 5.400000e+01 0 0 0 0 0 0</MDI>
      <MDI key="COLOR_TABLE_RULE_RGB_55">5.500000e+01 5.500000e+01 0 0 0 0 0 0</MDI>
      <MDI key="COLOR_TABLE_RULE_RGB_56">5.600000e+01 5.600000e+01 0 0 0 0 0 0</MDI>
      <MDI key="COLOR_TABLE_RULE_RGB_57">5.700000e+01 5.700000e+01 0 0 0 0 0 0</MDI>
      <MDI key="COLOR_TABLE_RULE_RGB_58">5.800000e+01 5.800000e+01 0 0 0 0 0 0</MDI>
      <MDI key="COLOR_TABLE_RULE_RGB_59">5.900000e+01 5.900000e+01 0 0 0 0 0 0</MDI>
      <MDI key="COLOR_TABLE_RULE_RGB_5">5.000000e+00 5.000000e+00 230 204 204 230 204 204</MDI>
      <MDI key="COLOR_TABLE_RULE_RGB_60">6.000000e+01 6.000000e+01 0 0 0 0 0 0</MDI>
      <MDI key="COLOR_TABLE_RULE_RGB_61">6.100000e+01 6.100000e+01 0 0 0 0 0 0</MDI>
      <MDI key="COLOR_TABLE_RULE_RGB_62">6.200000e+01 6.200000e+01 0 0 0 0 0 0</MDI>
      <MDI key="COLOR_TABLE_RULE_RGB_63">6.300000e+01 6.300000e+01 0 0 0 0 0 0</MDI>
      <MDI key="COLOR_TABLE_RULE_RGB_64">6.400000e+01 6.400000e+01 0 0 0 0 0 0</MDI>
      <MDI key="COLOR_TABLE_RULE_RGB_65">6.500000e+01 6.500000e+01 0 0 0 0 0 0</MDI>
      <MDI key="COLOR_TABLE_RULE_RGB_66">6.600000e+01 6.600000e+01 0 0 0 0 0 0</MDI>
      <MDI key="COLOR_TABLE_RULE_RGB_67">6.700000e+01 6.700000e+01 0 0 0 0 0 0</MDI>
      <MDI key="COLOR_TABLE_RULE_RGB_68">6.800000e+01 6.800000e+01 0 0 0 0 0 0</MDI>
      <MDI key="COLOR_TABLE_RULE_RGB_69">6.900000e+01 6.900000e+01 0 0 0 0 0 0</MDI>
      <MDI key="COLOR_TABLE_RULE_RGB_6">6.000000e+00 6.000000e+00 230 204 230 230 204 230</MDI>
      <MDI key="COLOR_TABLE_RULE_RGB_70">7.000000e+01 7.000000e+01 0 0 0 0 0 0</MDI>
      <MDI key="COLOR_TABLE_RULE_RGB_71">7.100000e+01 7.100000e+01 0 0 0 0 0 0</MDI>
      <MDI key="COLOR_TABLE_RULE_RGB_72">7.200000e+01 7.200000e+01 0 0 0 0 0 0</MDI>
      <MDI key="COLOR_TABLE_RULE_RGB_73">7.300000e+01 7.300000e+01 0 0 0 0 0 0</MDI>
      <MDI key="COLOR_TABLE_RULE_RGB_74">7.400000e+01 7.400000e+01 0 0 0 0 0 0</MDI>
      <MDI key="COLOR_TABLE_RULE_RGB_75">7.500000e+01 7.500000e+01 0 0 0 0 0 0</MDI>
      <MDI key="COLOR_TABLE_RULE_RGB_76">7.600000e+01 7.600000e+01 0 0 0 0 0 0</MDI>
      <MDI key="COLOR_TABLE_RULE_RGB_77">7.700000e+01 7.700000e+01 0 0 0 0 0 0</MDI>
      <MDI key="COLOR_TABLE_RULE_RGB_78">7.800000e+01 7.800000e+01 0 0 0 0 0 0</MDI>
      <MDI key="COLOR_TABLE_RULE_RGB_79">7.900000e+01 7.900000e+01 0 0 0 0 0 0</MDI>
      <MDI key="COLOR_TABLE_RULE_RGB_7">7.000000e+00 7.000000e+00 166 0 204 166 0 204</MDI>
      <MDI key="COLOR_TABLE_RULE_RGB_80">8.000000e+01 8.000000e+01 0 0 0 0 0 0</MDI>
      <MDI key="COLOR_TABLE_RULE_RGB_81">8.100000e+01 8.100000e+01 0 0 0 0 0 0</MDI>
      <MDI key="COLOR_TABLE_RULE_RGB_82">8.200000e+01 8.200000e+01 0 0 0 0 0 0</MDI>
      <MDI key="COLOR_TABLE_RULE_RGB_83">8.300000e+01 8.300000e+01 0 0 0 0 0 0</MDI>
      <MDI key="COLOR_TABLE_RULE_RGB_84">8.400000e+01 8.400000e+01 0 0 0 0 0 0</MDI>
      <MDI key="COLOR_TABLE_RULE_RGB_85">8.500000e+01 8.500000e+01 0 0 0 0 0 0</MDI>
      <MDI key="COLOR_TABLE_RULE_RGB_86">8.600000e+01 8.600000e+01 0 0 0 0 0 0</MDI>
      <MDI key="COLOR_TABLE_RULE_RGB_87">8.700000e+01 8.700000e+01 0 0 0 0 0 0</MDI>
      <MDI key="COLOR_TABLE_RULE_RGB_88">8.800000e+01 8.800000e+01 0 0 0 0 0 0</MDI>
      <MDI key="COLOR_TABLE_RULE_RGB_89">8.900000e+01 8.900000e+01 0 0 0 0 0 0</MDI>
      <MDI key="COLOR_TABLE_RULE_RGB_8">8.000000e+00 8.000000e+00 166 77 0 166 77 0</MDI>
      <MDI key="COLOR_TABLE_RULE_RGB_90">9.000000e+01 9.000000e+01 0 0 0 0 0 0</MDI>
      <MDI key="COLOR_TABLE_RULE_RGB_91">9.100000e+01 9.100000e+01 0 0 0 0 0 0</MDI>
      <MDI key="COLOR_TABLE_RULE_RGB_92">9.200000e+01 9.200000e+01 0 0 0 0 0 0</MDI>
      <MDI key="COLOR_TABLE_RULE_RGB_93">9.300000e+01 9.300000e+01 0 0 0 0 0 0</MDI>
      <MDI key="COLOR_TABLE_RULE_RGB_94">9.400000e+01 9.400000e+01 0 0 0 0 0 0</MDI>
      <MDI key="COLOR_TABLE_RULE_RGB_95">9.500000e+01 9.500000e+01 0 0 0 0 0 0</MDI>
      <MDI key="COLOR_TABLE_RULE_RGB_96">9.600000e+01 9.600000e+01 0 0 0 0 0 0</MDI>
      <MDI key="COLOR_TABLE_RULE_RGB_97">9.700000e+01 9.700000e+01 0 0 0 0 0 0</MDI>
      <MDI key="COLOR_TABLE_RULE_RGB_98">9.800000e+01 9.800000e+01 0 0 0 0 0 0</MDI>
      <MDI key="COLOR_TABLE_RULE_RGB_99">9.900000e+01 9.900000e+01 0 0 0 0 0 0</MDI>
      <MDI key="COLOR_TABLE_RULE_RGB_9">9.000000e+00 9.000000e+00 255 77 255 255 77 255</MDI>
      <MDI key="COLOR_TABLE_RULES_COUNT">256</MDI>
      <MDI key="STATISTICS_MAXIMUM">41</MDI>
      <MDI key="STATISTICS_MEAN">14.720743853097</MDI>
      <MDI key="STATISTICS_MINIMUM">1</MDI>
      <MDI key="STATISTICS_STDDEV">7.1166819247609</MDI>
    </Metadata>
  </PAMRasterBand>
</PAMDataset>
