<PAMDataset>
  <PAMRasterBand band="1">
    <Histograms>
      <HistItem>
        <HistMin>0.6</HistMin>
        <HistMax>5.4</HistMax>
        <BucketCount>5</BucketCount>
        <IncludeOutOfRange>0</IncludeOutOfRange>
        <Approximate>1</Approximate>
        <HistCounts>9277|60127|18993|33|1534</HistCounts>
      </HistItem>
    </Histograms>
    <Metadata>
      <MDI key="COLOR_TABLE_RULE_RGB_0">1.000000e+00 1.800000e+00 255 255 0 0 255 0</MDI>
      <MDI key="COLOR_TABLE_RULE_RGB_1">1.800000e+00 2.600000e+00 0 255 0 0 255 255</MDI>
      <MDI key="COLOR_TABLE_RULE_RGB_2">2.600000e+00 3.400000e+00 0 255 255 0 0 255</MDI>
      <MDI key="COLOR_TABLE_RULE_RGB_3">3.400000e+00 4.200000e+00 0 0 255 255 0 255</MDI>
      <MDI key="COLOR_TABLE_RULE_RGB_4">4.200000e+00 5.000000e+00 255 0 255 255 0 0</MDI>
      <MDI key="COLOR_TABLE_RULES_COUNT">5</MDI>
      <MDI key="STATISTICS_MAXIMUM">5</MDI>
      <MDI key="STATISTICS_MEAN">2.1598861766929</MDI>
      <MDI key="STATISTICS_MINIMUM">1</MDI>
      <MDI key="STATISTICS_STDDEV">0.66603442437902</MDI>
    </Metadata>
  </PAMRasterBand>
</PAMDataset>
